CREATE DATABASE EmployeeDatabase
GO

USE EmployeeDatabase
GO

CREATE TABLE Employee (
id BIGINT PRIMARY KEY IDENTITY NOT NULL,
last_name NVARCHAR(100) NOT NULL,
first_name NVARCHAR(100) NOT NULL,
middle_name NVARCHAR(100) NOT NULL,
gender NVARCHAR(7) NOT NULL CHECK (gender IN('Мужчина', 'Женщина')),
details_passport NVARCHAR(11) NOT NULL,
date_of_birth DATE NOT NULL,
country_of_birth NVARCHAR(100) NOT NULL,
residency NVARCHAR(150) DEFAULT ('Not defined'),
number_phone NVARCHAR(12) DEFAULT ('Not defined'),
email NVARCHAR(100) DEFAULT ('Not defined'))
GO

CREATE TABLE Company (
id BIGINT PRIMARY KEY IDENTITY NOT NULL,
company_name NVARCHAR(100) NOT NULL UNIQUE,
last_name_owner NVARCHAR(100) NOT NULL,
first_name_owner NVARCHAR(100) NOT NULL,
middle_name_owner NVARCHAR(100) NOT NULL,
date_of_creation DATE NOT NULL,
company_description NVARCHAR(MAX) DEFAULT ('Not defined'))
GO

CREATE TABLE Company_positions (
id BIGINT PRIMARY KEY IDENTITY NOT NULL,
name_position NVARCHAR(100) NOT NULL,
salary_for_position DECIMAL(10, 2) NOT NULL,
description_position NVARCHAR(MAX) NOT NULL,
id_company BIGINT NOT NULL, FOREIGN KEY (id_company) REFERENCES Company (id) ON DELETE CASCADE)
GO

CREATE TABLE Employment_contracts (
id BIGINT PRIMARY KEY IDENTITY NOT NULL,
date_of_conclusion DATE NOT NULL,
id_employee BIGINT NOT NULL, FOREIGN KEY (id_employee) REFERENCES Employee (id) ON DELETE CASCADE,
id_position BIGINT NOT NULL, FOREIGN KEY (id_position) REFERENCES Company_positions (id) ON DELETE CASCADE)
GO

SET IDENTITY_INSERT [dbo].[Company] ON 
INSERT [dbo].[Company] ([id], [company_name], [last_name_owner], [first_name_owner], [middle_name_owner], [date_of_creation], [company_description]) VALUES (5, N'Plug Power, Inc.', N'Peschmann', N'Yovonnda', N'Nuttall', CAST(N'1909-05-22' AS Date), N'Not defined')
INSERT [dbo].[Company] ([id], [company_name], [last_name_owner], [first_name_owner], [middle_name_owner], [date_of_creation], [company_description]) VALUES (6, N'Fidelity Southern Corporation', N'Gapper', N'Hieronymus', N'Worswick', CAST(N'1988-07-03' AS Date), N'Not defined')
INSERT [dbo].[Company] ([id], [company_name], [last_name_owner], [first_name_owner], [middle_name_owner], [date_of_creation], [company_description]) VALUES (7, N'Global X Longevity Thematic ETF', N'Leyborne', N'Nariko', N'Ioselevich', CAST(N'1987-06-07' AS Date), N'Not defined')
INSERT [dbo].[Company] ([id], [company_name], [last_name_owner], [first_name_owner], [middle_name_owner], [date_of_creation], [company_description]) VALUES (8, N'China Fund, Inc. (The)', N'Bremen', N'Shea', N'Bielby', CAST(N'1987-07-28' AS Date), N'Not defined')
INSERT [dbo].[Company] ([id], [company_name], [last_name_owner], [first_name_owner], [middle_name_owner], [date_of_creation], [company_description]) VALUES (9, N'CNX Coal Resources LP', N'Steanson', N'Saxon', N'Look', CAST(N'1913-03-20' AS Date), N'Not defined')
INSERT [dbo].[Company] ([id], [company_name], [last_name_owner], [first_name_owner], [middle_name_owner], [date_of_creation], [company_description]) VALUES (10, N'Partner Communications Company Ltd.', N'Brimm', N'Pavlov', N'Vaar', CAST(N'2013-05-13' AS Date), N'Not defined')
INSERT [dbo].[Company] ([id], [company_name], [last_name_owner], [first_name_owner], [middle_name_owner], [date_of_creation], [company_description]) VALUES (11, N'Plumas Bancorp', N'Fulk', N'Gamaliel', N'Sugars', CAST(N'1964-11-09' AS Date), N'Not defined')
INSERT [dbo].[Company] ([id], [company_name], [last_name_owner], [first_name_owner], [middle_name_owner], [date_of_creation], [company_description]) VALUES (12, N'Regional Management Corp.', N'Basilio', N'Alexandra', N'Pozzo', CAST(N'2016-03-06' AS Date), N'Not defined')
INSERT [dbo].[Company] ([id], [company_name], [last_name_owner], [first_name_owner], [middle_name_owner], [date_of_creation], [company_description]) VALUES (13, N'Patriot Transportation Holding, Inc.', N'Pear', N'Ianthe', N'De Benedetti', CAST(N'1918-06-12' AS Date), N'Not defined')
INSERT [dbo].[Company] ([id], [company_name], [last_name_owner], [first_name_owner], [middle_name_owner], [date_of_creation], [company_description]) VALUES (14, N'AngioDynamics, Inc.', N'Hadgraft', N'Pippo', N'Easey', CAST(N'1932-11-20' AS Date), N'Not defined')
INSERT [dbo].[Company] ([id], [company_name], [last_name_owner], [first_name_owner], [middle_name_owner], [date_of_creation], [company_description]) VALUES (15, N'trivago N.V.', N'Florio', N'Mollie', N'Lowman', CAST(N'1921-01-19' AS Date), N'Not defined')
INSERT [dbo].[Company] ([id], [company_name], [last_name_owner], [first_name_owner], [middle_name_owner], [date_of_creation], [company_description]) VALUES (16, N'WisdomTree Emerging Markets Corporate Bond Fund', N'MacElane', N'Raina', N'Casini', CAST(N'1955-07-14' AS Date), N'Not defined')
INSERT [dbo].[Company] ([id], [company_name], [last_name_owner], [first_name_owner], [middle_name_owner], [date_of_creation], [company_description]) VALUES (17, N'Boulevard Acquisition Corp. II', N'Labbez', N'Cully', N'Gorriessen', CAST(N'1947-06-27' AS Date), N'Not defined')
INSERT [dbo].[Company] ([id], [company_name], [last_name_owner], [first_name_owner], [middle_name_owner], [date_of_creation], [company_description]) VALUES (18, N'Michael Kors Holdings Limited', N'Ridout', N'Linn', N'Yuille', CAST(N'2012-08-03' AS Date), N'Not defined')
INSERT [dbo].[Company] ([id], [company_name], [last_name_owner], [first_name_owner], [middle_name_owner], [date_of_creation], [company_description]) VALUES (19, N'Donaldson Company, Inc.', N'Deboo', N'Kristel', N'Lang', CAST(N'1904-01-21' AS Date), N'Not defined')
INSERT [dbo].[Company] ([id], [company_name], [last_name_owner], [first_name_owner], [middle_name_owner], [date_of_creation], [company_description]) VALUES (20, N'China Southern Airlines Company Limited', N'Connell', N'Farlay', N'Cornick', CAST(N'1947-06-09' AS Date), N'Not defined')
INSERT [dbo].[Company] ([id], [company_name], [last_name_owner], [first_name_owner], [middle_name_owner], [date_of_creation], [company_description]) VALUES (21, N'STERIS plc', N'Walak', N'Jessica', N'Hurdidge', CAST(N'2016-08-22' AS Date), N'Not defined')
INSERT [dbo].[Company] ([id], [company_name], [last_name_owner], [first_name_owner], [middle_name_owner], [date_of_creation], [company_description]) VALUES (22, N'Zymeworks Inc.', N'Coping', N'Wendi', N'Luckin', CAST(N'1954-02-02' AS Date), N'Not defined')
INSERT [dbo].[Company] ([id], [company_name], [last_name_owner], [first_name_owner], [middle_name_owner], [date_of_creation], [company_description]) VALUES (23, N'Altria Group', N'Bostock', N'Dal', N'Masser', CAST(N'1993-09-04' AS Date), N'Not defined')
INSERT [dbo].[Company] ([id], [company_name], [last_name_owner], [first_name_owner], [middle_name_owner], [date_of_creation], [company_description]) VALUES (24, N'Horizons DAX Germany ETF', N'De Ambrosi', N'Minna', N'Ambrozik', CAST(N'2016-08-02' AS Date), N'Not defined')
INSERT [dbo].[Company] ([id], [company_name], [last_name_owner], [first_name_owner], [middle_name_owner], [date_of_creation], [company_description]) VALUES (25, N'Carbo Ceramics, Inc.', N'Radki', N'Padriac', N'Sanham', CAST(N'1959-06-02' AS Date), N'Not defined')
INSERT [dbo].[Company] ([id], [company_name], [last_name_owner], [first_name_owner], [middle_name_owner], [date_of_creation], [company_description]) VALUES (26, N'Stericycle, Inc.', N'Pleace', N'Nita', N'Bourdon', CAST(N'1924-12-10' AS Date), N'Not defined')
INSERT [dbo].[Company] ([id], [company_name], [last_name_owner], [first_name_owner], [middle_name_owner], [date_of_creation], [company_description]) VALUES (27, N'Auburn National Bancorporation, Inc.', N'Lowdyane', N'Stefan', N'Peizer', CAST(N'1924-10-23' AS Date), N'Not defined')
INSERT [dbo].[Company] ([id], [company_name], [last_name_owner], [first_name_owner], [middle_name_owner], [date_of_creation], [company_description]) VALUES (28, N'Southern Company (The)', N'Dickson', N'Heloise', N'Cahillane', CAST(N'1966-03-02' AS Date), N'Not defined')
INSERT [dbo].[Company] ([id], [company_name], [last_name_owner], [first_name_owner], [middle_name_owner], [date_of_creation], [company_description]) VALUES (29, N'Cellcom Israel, Ltd.', N'MacGaughey', N'Nixie', N'Monger', CAST(N'1982-07-08' AS Date), N'Not defined')
INSERT [dbo].[Company] ([id], [company_name], [last_name_owner], [first_name_owner], [middle_name_owner], [date_of_creation], [company_description]) VALUES (30, N'Tilly''s, Inc.', N'Frear', N'Kathlin', N'Jayume', CAST(N'2018-03-28' AS Date), N'Not defined')
INSERT [dbo].[Company] ([id], [company_name], [last_name_owner], [first_name_owner], [middle_name_owner], [date_of_creation], [company_description]) VALUES (31, N'Monster Beverage Corporation', N'Saket', N'Nat', N'Riolfo', CAST(N'2002-10-06' AS Date), N'Not defined')
INSERT [dbo].[Company] ([id], [company_name], [last_name_owner], [first_name_owner], [middle_name_owner], [date_of_creation], [company_description]) VALUES (32, N'Onconova Therapeutics, Inc.', N'Chiddy', N'Freida', N'Coots', CAST(N'1975-12-26' AS Date), N'Not defined')
INSERT [dbo].[Company] ([id], [company_name], [last_name_owner], [first_name_owner], [middle_name_owner], [date_of_creation], [company_description]) VALUES (33, N'Kennedy-Wilson Holdings Inc.', N'Cuxon', N'Adriaens', N'Rentoul', CAST(N'2000-04-19' AS Date), N'Not defined')
INSERT [dbo].[Company] ([id], [company_name], [last_name_owner], [first_name_owner], [middle_name_owner], [date_of_creation], [company_description]) VALUES (34, N'Artesian Resources Corporation', N'Duchart', N'Rad', N'Camillo', CAST(N'1917-02-19' AS Date), N'Not defined')
INSERT [dbo].[Company] ([id], [company_name], [last_name_owner], [first_name_owner], [middle_name_owner], [date_of_creation], [company_description]) VALUES (35, N'Advanced Disposal Services, Inc.', N'Deely', N'Henry', N'Canty', CAST(N'2000-06-30' AS Date), N'Not defined')
INSERT [dbo].[Company] ([id], [company_name], [last_name_owner], [first_name_owner], [middle_name_owner], [date_of_creation], [company_description]) VALUES (36, N'SAP SE', N'Goldbourn', N'Gretchen', N'Pady', CAST(N'1914-09-29' AS Date), N'Not defined')
INSERT [dbo].[Company] ([id], [company_name], [last_name_owner], [first_name_owner], [middle_name_owner], [date_of_creation], [company_description]) VALUES (37, N'Regency Centers Corporation', N'Leband', N'Sax', N'Roderighi', CAST(N'1981-10-13' AS Date), N'Not defined')
INSERT [dbo].[Company] ([id], [company_name], [last_name_owner], [first_name_owner], [middle_name_owner], [date_of_creation], [company_description]) VALUES (38, N'CBRE Clarion Global Real Estate Income Fund', N'Berardt', N'Lorenza', N'Rookes', CAST(N'1953-01-20' AS Date), N'Not defined')
INSERT [dbo].[Company] ([id], [company_name], [last_name_owner], [first_name_owner], [middle_name_owner], [date_of_creation], [company_description]) VALUES (39, N'Snap-On Incorporated', N'Jurasek', N'Merwyn', N'Dyke', CAST(N'1981-08-05' AS Date), N'Not defined')
INSERT [dbo].[Company] ([id], [company_name], [last_name_owner], [first_name_owner], [middle_name_owner], [date_of_creation], [company_description]) VALUES (40, N'Gabelli Multi-Media Trust Inc. (The)', N'Morch', N'Sonnie', N'Bazoche', CAST(N'1918-07-17' AS Date), N'Not defined')
INSERT [dbo].[Company] ([id], [company_name], [last_name_owner], [first_name_owner], [middle_name_owner], [date_of_creation], [company_description]) VALUES (41, N'Gener8 Maritime, Inc.', N'Southcomb', N'Pammy', N'Maly', CAST(N'1928-05-16' AS Date), N'Not defined')
INSERT [dbo].[Company] ([id], [company_name], [last_name_owner], [first_name_owner], [middle_name_owner], [date_of_creation], [company_description]) VALUES (42, N'East West Bancorp, Inc.', N'Percy', N'Robenia', N'Tender', CAST(N'1942-04-05' AS Date), N'Not defined')
INSERT [dbo].[Company] ([id], [company_name], [last_name_owner], [first_name_owner], [middle_name_owner], [date_of_creation], [company_description]) VALUES (43, N'MFC Bancorp Ltd.', N'De Santos', N'Kennith', N'Dee', CAST(N'1904-03-31' AS Date), N'Not defined')
INSERT [dbo].[Company] ([id], [company_name], [last_name_owner], [first_name_owner], [middle_name_owner], [date_of_creation], [company_description]) VALUES (44, N'Vistra Energy Corp.', N'Airlie', N'Marlane', N'Spurdens', CAST(N'1904-06-14' AS Date), N'Not defined')
INSERT [dbo].[Company] ([id], [company_name], [last_name_owner], [first_name_owner], [middle_name_owner], [date_of_creation], [company_description]) VALUES (45, N'Fulgent Genetics, Inc.', N'Falvey', N'Udell', N'Britto', CAST(N'1927-03-21' AS Date), N'Not defined')
INSERT [dbo].[Company] ([id], [company_name], [last_name_owner], [first_name_owner], [middle_name_owner], [date_of_creation], [company_description]) VALUES (46, N'Avid Technology, Inc.', N'Girke', N'Selig', N'Truran', CAST(N'1903-04-15' AS Date), N'Not defined')
INSERT [dbo].[Company] ([id], [company_name], [last_name_owner], [first_name_owner], [middle_name_owner], [date_of_creation], [company_description]) VALUES (47, N'Sphere 3D Corp.', N'Corbyn', N'Lefty', N'Cribbott', CAST(N'1934-11-21' AS Date), N'Not defined')
INSERT [dbo].[Company] ([id], [company_name], [last_name_owner], [first_name_owner], [middle_name_owner], [date_of_creation], [company_description]) VALUES (48, N'Thomson Reuters Corp', N'McCaskill', N'Lacie', N'Mulmuray', CAST(N'1943-03-19' AS Date), N'Not defined')
INSERT [dbo].[Company] ([id], [company_name], [last_name_owner], [first_name_owner], [middle_name_owner], [date_of_creation], [company_description]) VALUES (49, N'UGI Corporation', N'Robjohns', N'Neville', N'Nurse', CAST(N'1975-05-11' AS Date), N'Not defined')
INSERT [dbo].[Company] ([id], [company_name], [last_name_owner], [first_name_owner], [middle_name_owner], [date_of_creation], [company_description]) VALUES (50, N'Alphabet Inc.', N'Shotter', N'Rica', N'Huet', CAST(N'1909-09-24' AS Date), N'Not defined')
INSERT [dbo].[Company] ([id], [company_name], [last_name_owner], [first_name_owner], [middle_name_owner], [date_of_creation], [company_description]) VALUES (51, N'Tiptree Inc.', N'Kemwal', N'Gwendolen', N'Bellison', CAST(N'1992-05-12' AS Date), N'Not defined')
INSERT [dbo].[Company] ([id], [company_name], [last_name_owner], [first_name_owner], [middle_name_owner], [date_of_creation], [company_description]) VALUES (52, N'J P Morgan Chase & Co', N'Savin', N'Afton', N'Brik', CAST(N'1953-10-04' AS Date), N'Not defined')
INSERT [dbo].[Company] ([id], [company_name], [last_name_owner], [first_name_owner], [middle_name_owner], [date_of_creation], [company_description]) VALUES (53, N'Southside Bancshares, Inc.', N'Chetwind', N'Opal', N'Turneux', CAST(N'1912-12-31' AS Date), N'Not defined')
INSERT [dbo].[Company] ([id], [company_name], [last_name_owner], [first_name_owner], [middle_name_owner], [date_of_creation], [company_description]) VALUES (54, N'MS Structured Asset Corp Saturns GE Cap Corp Series 2002-14', N'Coyte', N'Pia', N'Blanpein', CAST(N'2009-05-21' AS Date), N'Not defined')
INSERT [dbo].[Company] ([id], [company_name], [last_name_owner], [first_name_owner], [middle_name_owner], [date_of_creation], [company_description]) VALUES (55, N'John Hancock Premium Dividend Fund', N'Kemery', N'Terza', N'Doggrell', CAST(N'1969-11-23' AS Date), N'Not defined')
INSERT [dbo].[Company] ([id], [company_name], [last_name_owner], [first_name_owner], [middle_name_owner], [date_of_creation], [company_description]) VALUES (56, N'MarineMax, Inc.', N'Crumpe', N'Arie', N'Radford', CAST(N'1955-06-12' AS Date), N'Not defined')
INSERT [dbo].[Company] ([id], [company_name], [last_name_owner], [first_name_owner], [middle_name_owner], [date_of_creation], [company_description]) VALUES (57, N'AeroVironment, Inc.', N'Pillman', N'Ilene', N'Duigenan', CAST(N'1964-01-17' AS Date), N'Not defined')
INSERT [dbo].[Company] ([id], [company_name], [last_name_owner], [first_name_owner], [middle_name_owner], [date_of_creation], [company_description]) VALUES (58, N'Pfizer, Inc.', N'MacGillavery', N'Meredithe', N'Binnie', CAST(N'1937-06-11' AS Date), N'Not defined')
INSERT [dbo].[Company] ([id], [company_name], [last_name_owner], [first_name_owner], [middle_name_owner], [date_of_creation], [company_description]) VALUES (59, N'Peapack-Gladstone Financial Corporation', N'Ingilson', N'Earl', N'Bigland', CAST(N'1973-05-06' AS Date), N'Not defined')
INSERT [dbo].[Company] ([id], [company_name], [last_name_owner], [first_name_owner], [middle_name_owner], [date_of_creation], [company_description]) VALUES (60, N'Arbor Realty Trust', N'Brownsword', N'Deborah', N'Miskimmon', CAST(N'1969-07-10' AS Date), N'Not defined')
INSERT [dbo].[Company] ([id], [company_name], [last_name_owner], [first_name_owner], [middle_name_owner], [date_of_creation], [company_description]) VALUES (61, N'EchoStar Corporation', N'Audley', N'Timoteo', N'McRobert', CAST(N'1997-02-02' AS Date), N'Not defined')
INSERT [dbo].[Company] ([id], [company_name], [last_name_owner], [first_name_owner], [middle_name_owner], [date_of_creation], [company_description]) VALUES (62, N'Western Asset Emerging Markets Debt Fund Inc', N'Rideout', N'Delores', N'Edelheid', CAST(N'1913-03-18' AS Date), N'Not defined')
INSERT [dbo].[Company] ([id], [company_name], [last_name_owner], [first_name_owner], [middle_name_owner], [date_of_creation], [company_description]) VALUES (63, N'Dupont Fabros Technology, Inc.', N'Hawket', N'Ashli', N'Kibbye', CAST(N'1961-02-11' AS Date), N'Not defined')
INSERT [dbo].[Company] ([id], [company_name], [last_name_owner], [first_name_owner], [middle_name_owner], [date_of_creation], [company_description]) VALUES (64, N'O2Micro International Limited', N'Isaac', N'Monroe', N'Eagleston', CAST(N'1958-09-14' AS Date), N'Not defined')
INSERT [dbo].[Company] ([id], [company_name], [last_name_owner], [first_name_owner], [middle_name_owner], [date_of_creation], [company_description]) VALUES (65, N'Wheeler Real Estate Investment Trust, Inc.', N'Arundell', N'Serge', N'Tryhorn', CAST(N'1917-03-28' AS Date), N'Not defined')
INSERT [dbo].[Company] ([id], [company_name], [last_name_owner], [first_name_owner], [middle_name_owner], [date_of_creation], [company_description]) VALUES (66, N'Apogee Enterprises, Inc.', N'Ainley', N'Arluene', N'Tassell', CAST(N'1922-07-01' AS Date), N'Not defined')
INSERT [dbo].[Company] ([id], [company_name], [last_name_owner], [first_name_owner], [middle_name_owner], [date_of_creation], [company_description]) VALUES (67, N'Amdocs Limited', N'Crome', N'Tobe', N'Snyder', CAST(N'1949-08-04' AS Date), N'Not defined')
INSERT [dbo].[Company] ([id], [company_name], [last_name_owner], [first_name_owner], [middle_name_owner], [date_of_creation], [company_description]) VALUES (68, N'First Trust NASDAQ Cybersecurity ETF', N'Tucsell', N'Herta', N'Jepson', CAST(N'1906-07-16' AS Date), N'Not defined')
INSERT [dbo].[Company] ([id], [company_name], [last_name_owner], [first_name_owner], [middle_name_owner], [date_of_creation], [company_description]) VALUES (69, N'DHT Holdings, Inc.', N'Brandenberg', N'Bonnibelle', N'Reeve', CAST(N'1901-10-29' AS Date), N'Not defined')
INSERT [dbo].[Company] ([id], [company_name], [last_name_owner], [first_name_owner], [middle_name_owner], [date_of_creation], [company_description]) VALUES (70, N'ICC Holdings, Inc.', N'Gyse', N'Ryley', N'Peiro', CAST(N'1931-05-08' AS Date), N'Not defined')
INSERT [dbo].[Company] ([id], [company_name], [last_name_owner], [first_name_owner], [middle_name_owner], [date_of_creation], [company_description]) VALUES (71, N'Graco Inc.', N'Bloore', N'Rikki', N'Pechard', CAST(N'1904-12-13' AS Date), N'Not defined')
INSERT [dbo].[Company] ([id], [company_name], [last_name_owner], [first_name_owner], [middle_name_owner], [date_of_creation], [company_description]) VALUES (72, N'Stepan Company', N'Danneil', N'Hershel', N'Brookesbie', CAST(N'1987-01-21' AS Date), N'Not defined')
INSERT [dbo].[Company] ([id], [company_name], [last_name_owner], [first_name_owner], [middle_name_owner], [date_of_creation], [company_description]) VALUES (73, N'Lennar Corporation', N'Brobyn', N'Virgie', N'Flint', CAST(N'1998-08-28' AS Date), N'Not defined')
INSERT [dbo].[Company] ([id], [company_name], [last_name_owner], [first_name_owner], [middle_name_owner], [date_of_creation], [company_description]) VALUES (74, N'Qualstar Corporation', N'Crinage', N'Deanne', N'Skoof', CAST(N'2010-04-08' AS Date), N'Not defined')
INSERT [dbo].[Company] ([id], [company_name], [last_name_owner], [first_name_owner], [middle_name_owner], [date_of_creation], [company_description]) VALUES (75, N'Progressive Corporation (The)', N'McKitterick', N'Jillane', N'Sackey', CAST(N'2003-12-07' AS Date), N'Not defined')
INSERT [dbo].[Company] ([id], [company_name], [last_name_owner], [first_name_owner], [middle_name_owner], [date_of_creation], [company_description]) VALUES (76, N'Tetra Technologies, Inc.', N'Layson', N'Gardener', N'Bispo', CAST(N'1949-02-27' AS Date), N'Not defined')
INSERT [dbo].[Company] ([id], [company_name], [last_name_owner], [first_name_owner], [middle_name_owner], [date_of_creation], [company_description]) VALUES (77, N'Innospec Inc.', N'Harbison', N'Tommy', N'O''Rudden', CAST(N'2020-02-05' AS Date), N'Not defined')
INSERT [dbo].[Company] ([id], [company_name], [last_name_owner], [first_name_owner], [middle_name_owner], [date_of_creation], [company_description]) VALUES (78, N'Empire State Realty Trust, Inc.', N'Boath', N'Perrine', N'Oaker', CAST(N'1912-02-15' AS Date), N'Not defined')
INSERT [dbo].[Company] ([id], [company_name], [last_name_owner], [first_name_owner], [middle_name_owner], [date_of_creation], [company_description]) VALUES (79, N'Adient plc', N'Rodenhurst', N'Roanna', N'Burr', CAST(N'2015-01-17' AS Date), N'Not defined')
INSERT [dbo].[Company] ([id], [company_name], [last_name_owner], [first_name_owner], [middle_name_owner], [date_of_creation], [company_description]) VALUES (80, N'ProPhase Labs, Inc.', N'Yitzhok', N'Elyn', N'Ben', CAST(N'2018-03-13' AS Date), N'Not defined')
INSERT [dbo].[Company] ([id], [company_name], [last_name_owner], [first_name_owner], [middle_name_owner], [date_of_creation], [company_description]) VALUES (81, N'PowerShares S&P SmallCap Information Technology Portfolio', N'Hoggan', N'Alisun', N'Hrus', CAST(N'1929-11-29' AS Date), N'Not defined')
INSERT [dbo].[Company] ([id], [company_name], [last_name_owner], [first_name_owner], [middle_name_owner], [date_of_creation], [company_description]) VALUES (82, N'F.N.B. Corporation', N'Yu', N'Em', N'Habgood', CAST(N'1979-02-13' AS Date), N'Not defined')
INSERT [dbo].[Company] ([id], [company_name], [last_name_owner], [first_name_owner], [middle_name_owner], [date_of_creation], [company_description]) VALUES (83, N'Lawson Products, Inc.', N'Poynton', N'Dasya', N'Cobello', CAST(N'1967-11-30' AS Date), N'Not defined')
INSERT [dbo].[Company] ([id], [company_name], [last_name_owner], [first_name_owner], [middle_name_owner], [date_of_creation], [company_description]) VALUES (84, N'Vedanta  Limited', N'Buckles', N'Ethelda', N'Gofford', CAST(N'1973-03-13' AS Date), N'Not defined')
INSERT [dbo].[Company] ([id], [company_name], [last_name_owner], [first_name_owner], [middle_name_owner], [date_of_creation], [company_description]) VALUES (85, N'The Charles Schwab Corporation', N'Humbee', N'Callean', N'Medling', CAST(N'1976-01-16' AS Date), N'Not defined')
INSERT [dbo].[Company] ([id], [company_name], [last_name_owner], [first_name_owner], [middle_name_owner], [date_of_creation], [company_description]) VALUES (86, N'Gabelli Equity Trust, Inc. (The)', N'Harrowell', N'Roth', N'Conti', CAST(N'1947-03-01' AS Date), N'Not defined')
INSERT [dbo].[Company] ([id], [company_name], [last_name_owner], [first_name_owner], [middle_name_owner], [date_of_creation], [company_description]) VALUES (87, N'Daseke, Inc.', N'Insko', N'Clementius', N'Gillise', CAST(N'1931-08-01' AS Date), N'Not defined')
INSERT [dbo].[Company] ([id], [company_name], [last_name_owner], [first_name_owner], [middle_name_owner], [date_of_creation], [company_description]) VALUES (88, N'Matlin & Partners Acquisition Corporation', N'Mucklestone', N'Priscilla', N'Kohnert', CAST(N'1986-01-13' AS Date), N'Not defined')
INSERT [dbo].[Company] ([id], [company_name], [last_name_owner], [first_name_owner], [middle_name_owner], [date_of_creation], [company_description]) VALUES (89, N'Healthcare Services Group, Inc.', N'Grinsted', N'Talia', N'Lownie', CAST(N'1969-02-06' AS Date), N'Not defined')
INSERT [dbo].[Company] ([id], [company_name], [last_name_owner], [first_name_owner], [middle_name_owner], [date_of_creation], [company_description]) VALUES (90, N'Southern California Edison Company', N'Espino', N'Brendin', N'O''Bradden', CAST(N'1925-07-19' AS Date), N'Not defined')
INSERT [dbo].[Company] ([id], [company_name], [last_name_owner], [first_name_owner], [middle_name_owner], [date_of_creation], [company_description]) VALUES (91, N'American Homes 4 Rent', N'Loges', N'Drugi', N'Lake', CAST(N'1920-10-02' AS Date), N'Not defined')
INSERT [dbo].[Company] ([id], [company_name], [last_name_owner], [first_name_owner], [middle_name_owner], [date_of_creation], [company_description]) VALUES (92, N'Bank of America Corporation', N'Annakin', N'Dermot', N'Walcher', CAST(N'1948-08-20' AS Date), N'Not defined')
INSERT [dbo].[Company] ([id], [company_name], [last_name_owner], [first_name_owner], [middle_name_owner], [date_of_creation], [company_description]) VALUES (93, N'CorVel Corp.', N'Smalecombe', N'Ardelle', N'Atcherley', CAST(N'2004-01-25' AS Date), N'Not defined')
INSERT [dbo].[Company] ([id], [company_name], [last_name_owner], [first_name_owner], [middle_name_owner], [date_of_creation], [company_description]) VALUES (94, N'HFF, Inc.', N'Glanister', N'Osborne', N'Mottinelli', CAST(N'2021-09-08' AS Date), N'Not defined')
INSERT [dbo].[Company] ([id], [company_name], [last_name_owner], [first_name_owner], [middle_name_owner], [date_of_creation], [company_description]) VALUES (95, N'Wells Fargo & Company', N'Lindstrom', N'Bail', N'Haxley', CAST(N'1993-12-10' AS Date), N'Not defined')
INSERT [dbo].[Company] ([id], [company_name], [last_name_owner], [first_name_owner], [middle_name_owner], [date_of_creation], [company_description]) VALUES (96, N'Turtle Beach Corporation', N'Chaloner', N'Jermain', N'Muffett', CAST(N'1932-06-25' AS Date), N'Not defined')
INSERT [dbo].[Company] ([id], [company_name], [last_name_owner], [first_name_owner], [middle_name_owner], [date_of_creation], [company_description]) VALUES (97, N'InnerWorkings, Inc.', N'McCartan', N'Arabel', N'MacGorley', CAST(N'2003-02-27' AS Date), N'Not defined')
INSERT [dbo].[Company] ([id], [company_name], [last_name_owner], [first_name_owner], [middle_name_owner], [date_of_creation], [company_description]) VALUES (98, N'Capitala Finance Corp.', N'Garratt', N'Luci', N'Fley', CAST(N'1998-03-23' AS Date), N'Not defined')
INSERT [dbo].[Company] ([id], [company_name], [last_name_owner], [first_name_owner], [middle_name_owner], [date_of_creation], [company_description]) VALUES (99, N'Boyd Gaming Corporation', N'Damrell', N'Granny', N'Fernandes', CAST(N'1962-06-22' AS Date), N'Not defined')
INSERT [dbo].[Company] ([id], [company_name], [last_name_owner], [first_name_owner], [middle_name_owner], [date_of_creation], [company_description]) VALUES (100, N'Euro Tech Holdings Company Limited', N'Checo', N'Claiborne', N'Polding', CAST(N'2001-10-02' AS Date), N'Not defined')
INSERT [dbo].[Company] ([id], [company_name], [last_name_owner], [first_name_owner], [middle_name_owner], [date_of_creation], [company_description]) VALUES (101, N'World Wrestling Entertainment, Inc.', N'Hanstock', N'Coop', N'Thandi', CAST(N'1992-04-19' AS Date), N'Not defined')
INSERT [dbo].[Company] ([id], [company_name], [last_name_owner], [first_name_owner], [middle_name_owner], [date_of_creation], [company_description]) VALUES (102, N'BLDRS Developed Markets 100 ADR Index Fund', N'Fowden', N'Dody', N'Carlisi', CAST(N'1905-09-21' AS Date), N'Not defined')
INSERT [dbo].[Company] ([id], [company_name], [last_name_owner], [first_name_owner], [middle_name_owner], [date_of_creation], [company_description]) VALUES (103, N'Cara Therapeutics, Inc.', N'Victoria', N'Doroteya', N'Acomb', CAST(N'1989-10-08' AS Date), N'Not defined')
GO
INSERT [dbo].[Company] ([id], [company_name], [last_name_owner], [first_name_owner], [middle_name_owner], [date_of_creation], [company_description]) VALUES (104, N'Aurinia Pharmaceuticals Inc', N'Praundl', N'Reta', N'Rigmand', CAST(N'1995-11-07' AS Date), N'Not defined')
SET IDENTITY_INSERT [dbo].[Company] OFF
GO

SET IDENTITY_INSERT [dbo].[Company_positions] ON 
INSERT [dbo].[Company_positions] ([id], [name_position], [salary_for_position], [description_position], [id_company]) VALUES (1, N'Коммерческий директор', CAST(231699.50 AS Decimal(10, 2)), N'Руководство деятельностью компании в области продаж и закупок', 5)
INSERT [dbo].[Company_positions] ([id], [name_position], [salary_for_position], [description_position], [id_company]) VALUES (2, N'Заведующий складом', CAST(74467.91 AS Decimal(10, 2)), N'Руководит работой склада по приему, хранению и отпуску товарно-материальных ценностей', 6)
INSERT [dbo].[Company_positions] ([id], [name_position], [salary_for_position], [description_position], [id_company]) VALUES (3, N'Менеджер', CAST(42716.41 AS Decimal(10, 2)), N'Осуществляет управление предпринимательской или коммерческой деятельностью предприятия', 8)
INSERT [dbo].[Company_positions] ([id], [name_position], [salary_for_position], [description_position], [id_company]) VALUES (4, N'Директор по персоналу', CAST(119812.45 AS Decimal(10, 2)), N'Эффективное управление персоналом в компании', 7)
INSERT [dbo].[Company_positions] ([id], [name_position], [salary_for_position], [description_position], [id_company]) VALUES (6, N'Генеральный директор', CAST(240466.62 AS Decimal(10, 2)), N'Развитие, повышение эффективности работы предприятия, увеличение объемов прибыли', 6)
INSERT [dbo].[Company_positions] ([id], [name_position], [salary_for_position], [description_position], [id_company]) VALUES (7, N'Технический директор', CAST(1538257.43 AS Decimal(10, 2)), N'Обеспечивает выполнение производственных процессов на предприятии', 7)
INSERT [dbo].[Company_positions] ([id], [name_position], [salary_for_position], [description_position], [id_company]) VALUES (8, N'Начальник отдела кадров', CAST(68671.69 AS Decimal(10, 2)), N'Возглавляет работу по комплектованию предприятия кадрами рабочих и служащих требуемых профессий', 8)
INSERT [dbo].[Company_positions] ([id], [name_position], [salary_for_position], [description_position], [id_company]) VALUES (9, N'Менеджер по связям с общественностью', CAST(135355.96 AS Decimal(10, 2)), N'Осуществляет руководство одним из направлений деятельности организации в области связей с общественностью', 9)
INSERT [dbo].[Company_positions] ([id], [name_position], [salary_for_position], [description_position], [id_company]) VALUES (10, N'Оценщик', CAST(39695.15 AS Decimal(10, 2)), N'Осуществляет на основании лицензии оценочную деятельность', 10)
INSERT [dbo].[Company_positions] ([id], [name_position], [salary_for_position], [description_position], [id_company]) VALUES (11, N'Инженер-конструктор', CAST(244521.12 AS Decimal(10, 2)), N'Разрабатывает эскизные, технические и рабочие проекты особо сложных, сложных и средней сложности изделий', 11)
INSERT [dbo].[Company_positions] ([id], [name_position], [salary_for_position], [description_position], [id_company]) VALUES (12, N'Переводчик', CAST(178132.33 AS Decimal(10, 2)), N'Переводит научную, техническую, общественно - политическую, экономическую и другую специальную литературу', 12)
INSERT [dbo].[Company_positions] ([id], [name_position], [salary_for_position], [description_position], [id_company]) VALUES (13, N'Юрист', CAST(172286.87 AS Decimal(10, 2)), N'Обеспечение поддержки деятельности юридического отдела', 13)
INSERT [dbo].[Company_positions] ([id], [name_position], [salary_for_position], [description_position], [id_company]) VALUES (14, N'Лаборант', CAST(68562.18 AS Decimal(10, 2)), N'Выполнение экспериментальных и исследовательских работ по изысканию экономных и эффективных методов производства', 14)
INSERT [dbo].[Company_positions] ([id], [name_position], [salary_for_position], [description_position], [id_company]) VALUES (15, N'Системный администратор', CAST(255562.27 AS Decimal(10, 2)), N'Обеспечение бесперебойной работы локальной сети и программного обеспечения', 15)
INSERT [dbo].[Company_positions] ([id], [name_position], [salary_for_position], [description_position], [id_company]) VALUES (16, N'Программист', CAST(190000.00 AS Decimal(10, 2)), N'Организация внедрения, поддержки и модификации внутренней информационной системы компании', 16)
INSERT [dbo].[Company_positions] ([id], [name_position], [salary_for_position], [description_position], [id_company]) VALUES (17, N'Старший программист', CAST(300879.51 AS Decimal(10, 2)), N'Обеспечение работоспособности и развитие программного обеспечения в соответствии с целями и задачами Компании', 17)
INSERT [dbo].[Company_positions] ([id], [name_position], [salary_for_position], [description_position], [id_company]) VALUES (18, N'Начальник отдела информационных технологий', CAST(237170.10 AS Decimal(10, 2)), N'Обеспечение бесперебойной работы информационной системы компании', 18)
INSERT [dbo].[Company_positions] ([id], [name_position], [salary_for_position], [description_position], [id_company]) VALUES (19, N'Начальник отдела информационных технологий', CAST(227170.11 AS Decimal(10, 2)), N'Обеспечение бесперебойной работы информационной системы компании', 13)
INSERT [dbo].[Company_positions] ([id], [name_position], [salary_for_position], [description_position], [id_company]) VALUES (20, N'Начальник отдела информационных технологий', CAST(217120.12 AS Decimal(10, 2)), N'Обеспечение бесперебойной работы информационной системы компании', 23)
INSERT [dbo].[Company_positions] ([id], [name_position], [salary_for_position], [description_position], [id_company]) VALUES (21, N'Начальник отдела информационных технологий', CAST(257170.11 AS Decimal(10, 2)), N'Обеспечение бесперебойной работы информационной системы компании', 77)
INSERT [dbo].[Company_positions] ([id], [name_position], [salary_for_position], [description_position], [id_company]) VALUES (22, N'Начальник отдела информационных технологий', CAST(227170.10 AS Decimal(10, 2)), N'Обеспечение бесперебойной работы информационной системы компании', 99)
INSERT [dbo].[Company_positions] ([id], [name_position], [salary_for_position], [description_position], [id_company]) VALUES (23, N'Начальник отдела информационных технологий', CAST(237170.11 AS Decimal(10, 2)), N'Обеспечение бесперебойной работы информационной системы компании', 34)
INSERT [dbo].[Company_positions] ([id], [name_position], [salary_for_position], [description_position], [id_company]) VALUES (24, N'Начальник отдела информационных технологий', CAST(227370.11 AS Decimal(10, 2)), N'Обеспечение бесперебойной работы информационной системы компании', 69)
INSERT [dbo].[Company_positions] ([id], [name_position], [salary_for_position], [description_position], [id_company]) VALUES (25, N'Технический директор', CAST(151825.17 AS Decimal(10, 2)), N'Обеспечивает выполнение производственных процессов на предприятии', 39)
INSERT [dbo].[Company_positions] ([id], [name_position], [salary_for_position], [description_position], [id_company]) VALUES (26, N'Технический директор', CAST(159825.17 AS Decimal(10, 2)), N'Обеспечивает выполнение производственных процессов на предприятии', 88)
INSERT [dbo].[Company_positions] ([id], [name_position], [salary_for_position], [description_position], [id_company]) VALUES (27, N'Технический директор', CAST(133825.17 AS Decimal(10, 2)), N'Обеспечивает выполнение производственных процессов на предприятии', 27)
INSERT [dbo].[Company_positions] ([id], [name_position], [salary_for_position], [description_position], [id_company]) VALUES (28, N'Технический директор', CAST(123825.17 AS Decimal(10, 2)), N'Обеспечивает выполнение производственных процессов на предприятии', 25)
INSERT [dbo].[Company_positions] ([id], [name_position], [salary_for_position], [description_position], [id_company]) VALUES (29, N'Технический директор', CAST(113825.17 AS Decimal(10, 2)), N'Обеспечивает выполнение производственных процессов на предприятии', 6)
INSERT [dbo].[Company_positions] ([id], [name_position], [salary_for_position], [description_position], [id_company]) VALUES (31, N'Менеджер', CAST(43716.41 AS Decimal(10, 2)), N'Осуществляет управление предпринимательской или коммерческой деятельностью предприятия', 5)
INSERT [dbo].[Company_positions] ([id], [name_position], [salary_for_position], [description_position], [id_company]) VALUES (32, N'Менеджер', CAST(60000.00 AS Decimal(10, 2)), N'Осуществляет управление предпринимательской или коммерческой деятельностью предприятия', 9)
INSERT [dbo].[Company_positions] ([id], [name_position], [salary_for_position], [description_position], [id_company]) VALUES (33, N'Менеджер', CAST(72716.41 AS Decimal(10, 2)), N'Осуществляет управление предпринимательской или коммерческой деятельностью предприятия', 13)
INSERT [dbo].[Company_positions] ([id], [name_position], [salary_for_position], [description_position], [id_company]) VALUES (34, N'Менеджер', CAST(42716.41 AS Decimal(10, 2)), N'Осуществляет управление предпринимательской или коммерческой деятельностью предприятия', 29)
INSERT [dbo].[Company_positions] ([id], [name_position], [salary_for_position], [description_position], [id_company]) VALUES (35, N'Менеджер', CAST(22716.41 AS Decimal(10, 2)), N'Осуществляет управление предпринимательской или коммерческой деятельностью предприятия', 33)
INSERT [dbo].[Company_positions] ([id], [name_position], [salary_for_position], [description_position], [id_company]) VALUES (36, N'Менеджер', CAST(52716.41 AS Decimal(10, 2)), N'Осуществляет управление предпринимательской или коммерческой деятельностью предприятия', 39)
INSERT [dbo].[Company_positions] ([id], [name_position], [salary_for_position], [description_position], [id_company]) VALUES (37, N'Менеджер', CAST(72716.41 AS Decimal(10, 2)), N'Осуществляет управление предпринимательской или коммерческой деятельностью предприятия', 65)
INSERT [dbo].[Company_positions] ([id], [name_position], [salary_for_position], [description_position], [id_company]) VALUES (38, N'Менеджер', CAST(42416.41 AS Decimal(10, 2)), N'Осуществляет управление предпринимательской или коммерческой деятельностью предприятия', 45)
INSERT [dbo].[Company_positions] ([id], [name_position], [salary_for_position], [description_position], [id_company]) VALUES (39, N'Менеджер', CAST(43716.41 AS Decimal(10, 2)), N'Осуществляет управление предпринимательской или коммерческой деятельностью предприятия', 99)
INSERT [dbo].[Company_positions] ([id], [name_position], [salary_for_position], [description_position], [id_company]) VALUES (40, N'Менеджер', CAST(48716.41 AS Decimal(10, 2)), N'Осуществляет управление предпринимательской или коммерческой деятельностью предприятия', 68)
INSERT [dbo].[Company_positions] ([id], [name_position], [salary_for_position], [description_position], [id_company]) VALUES (41, N'Менеджер', CAST(32716.41 AS Decimal(10, 2)), N'Осуществляет управление предпринимательской или коммерческой деятельностью предприятия', 81)
INSERT [dbo].[Company_positions] ([id], [name_position], [salary_for_position], [description_position], [id_company]) VALUES (42, N'Менеджер', CAST(47716.41 AS Decimal(10, 2)), N'Осуществляет управление предпринимательской или коммерческой деятельностью предприятия', 71)
INSERT [dbo].[Company_positions] ([id], [name_position], [salary_for_position], [description_position], [id_company]) VALUES (43, N'Менеджер', CAST(62716.41 AS Decimal(10, 2)), N'Осуществляет управление предпринимательской или коммерческой деятельностью предприятия', 35)
INSERT [dbo].[Company_positions] ([id], [name_position], [salary_for_position], [description_position], [id_company]) VALUES (44, N'Менеджер', CAST(81716.41 AS Decimal(10, 2)), N'Осуществляет управление предпринимательской или коммерческой деятельностью предприятия', 67)
INSERT [dbo].[Company_positions] ([id], [name_position], [salary_for_position], [description_position], [id_company]) VALUES (46, N'Начальник отдела кадров', CAST(28671.69 AS Decimal(10, 2)), N'Возглавляет работу по комплектованию предприятия кадрами рабочих и служащих требуемых профессий', 14)
INSERT [dbo].[Company_positions] ([id], [name_position], [salary_for_position], [description_position], [id_company]) VALUES (47, N'Начальник отдела кадров', CAST(48671.69 AS Decimal(10, 2)), N'Возглавляет работу по комплектованию предприятия кадрами рабочих и служащих требуемых профессий', 19)
INSERT [dbo].[Company_positions] ([id], [name_position], [salary_for_position], [description_position], [id_company]) VALUES (48, N'Начальник отдела кадров', CAST(98671.69 AS Decimal(10, 2)), N'Возглавляет работу по комплектованию предприятия кадрами рабочих и служащих требуемых профессий', 23)
INSERT [dbo].[Company_positions] ([id], [name_position], [salary_for_position], [description_position], [id_company]) VALUES (49, N'Начальник отдела кадров', CAST(38671.69 AS Decimal(10, 2)), N'Возглавляет работу по комплектованию предприятия кадрами рабочих и служащих требуемых профессий', 29)
INSERT [dbo].[Company_positions] ([id], [name_position], [salary_for_position], [description_position], [id_company]) VALUES (50, N'Начальник отдела кадров', CAST(74671.69 AS Decimal(10, 2)), N'Возглавляет работу по комплектованию предприятия кадрами рабочих и служащих требуемых профессий', 33)
INSERT [dbo].[Company_positions] ([id], [name_position], [salary_for_position], [description_position], [id_company]) VALUES (51, N'Начальник отдела кадров', CAST(63671.69 AS Decimal(10, 2)), N'Возглавляет работу по комплектованию предприятия кадрами рабочих и служащих требуемых профессий', 38)
INSERT [dbo].[Company_positions] ([id], [name_position], [salary_for_position], [description_position], [id_company]) VALUES (52, N'Начальник отдела кадров', CAST(69671.69 AS Decimal(10, 2)), N'Возглавляет работу по комплектованию предприятия кадрами рабочих и служащих требуемых профессий', 35)
INSERT [dbo].[Company_positions] ([id], [name_position], [salary_for_position], [description_position], [id_company]) VALUES (53, N'Начальник отдела кадров', CAST(38671.69 AS Decimal(10, 2)), N'Возглавляет работу по комплектованию предприятия кадрами рабочих и служащих требуемых профессий', 39)
INSERT [dbo].[Company_positions] ([id], [name_position], [salary_for_position], [description_position], [id_company]) VALUES (54, N'Начальник отдела кадров', CAST(52671.69 AS Decimal(10, 2)), N'Возглавляет работу по комплектованию предприятия кадрами рабочих и служащих требуемых профессий', 45)
INSERT [dbo].[Company_positions] ([id], [name_position], [salary_for_position], [description_position], [id_company]) VALUES (55, N'Начальник отдела кадров', CAST(34671.69 AS Decimal(10, 2)), N'Возглавляет работу по комплектованию предприятия кадрами рабочих и служащих требуемых профессий', 55)
INSERT [dbo].[Company_positions] ([id], [name_position], [salary_for_position], [description_position], [id_company]) VALUES (56, N'Начальник отдела кадров', CAST(50671.69 AS Decimal(10, 2)), N'Возглавляет работу по комплектованию предприятия кадрами рабочих и служащих требуемых профессий', 59)
INSERT [dbo].[Company_positions] ([id], [name_position], [salary_for_position], [description_position], [id_company]) VALUES (57, N'Начальник отдела кадров', CAST(45671.69 AS Decimal(10, 2)), N'Возглавляет работу по комплектованию предприятия кадрами рабочих и служащих требуемых профессий', 60)
INSERT [dbo].[Company_positions] ([id], [name_position], [salary_for_position], [description_position], [id_company]) VALUES (58, N'Начальник отдела кадров', CAST(77671.69 AS Decimal(10, 2)), N'Возглавляет работу по комплектованию предприятия кадрами рабочих и служащих требуемых профессий', 63)
INSERT [dbo].[Company_positions] ([id], [name_position], [salary_for_position], [description_position], [id_company]) VALUES (59, N'Начальник отдела кадров', CAST(23671.69 AS Decimal(10, 2)), N'Возглавляет работу по комплектованию предприятия кадрами рабочих и служащих требуемых профессий', 68)
INSERT [dbo].[Company_positions] ([id], [name_position], [salary_for_position], [description_position], [id_company]) VALUES (60, N'Начальник отдела кадров', CAST(98671.69 AS Decimal(10, 2)), N'Возглавляет работу по комплектованию предприятия кадрами рабочих и служащих требуемых профессий', 71)
INSERT [dbo].[Company_positions] ([id], [name_position], [salary_for_position], [description_position], [id_company]) VALUES (61, N'Начальник отдела кадров', CAST(62671.69 AS Decimal(10, 2)), N'Возглавляет работу по комплектованию предприятия кадрами рабочих и служащих требуемых профессий', 73)
INSERT [dbo].[Company_positions] ([id], [name_position], [salary_for_position], [description_position], [id_company]) VALUES (62, N'Начальник отдела кадров', CAST(37671.69 AS Decimal(10, 2)), N'Возглавляет работу по комплектованию предприятия кадрами рабочих и служащих требуемых профессий', 77)
INSERT [dbo].[Company_positions] ([id], [name_position], [salary_for_position], [description_position], [id_company]) VALUES (63, N'Начальник отдела кадров', CAST(61671.69 AS Decimal(10, 2)), N'Возглавляет работу по комплектованию предприятия кадрами рабочих и служащих требуемых профессий', 85)
INSERT [dbo].[Company_positions] ([id], [name_position], [salary_for_position], [description_position], [id_company]) VALUES (64, N'Начальник отдела кадров', CAST(55671.69 AS Decimal(10, 2)), N'Возглавляет работу по комплектованию предприятия кадрами рабочих и служащих требуемых профессий', 95)
INSERT [dbo].[Company_positions] ([id], [name_position], [salary_for_position], [description_position], [id_company]) VALUES (76, N'Коммерческий директор', CAST(231699.50 AS Decimal(10, 2)), N'Руководство деятельностью компании в области продаж и закупок', 67)
INSERT [dbo].[Company_positions] ([id], [name_position], [salary_for_position], [description_position], [id_company]) VALUES (77, N'Коммерческий директор', CAST(231699.50 AS Decimal(10, 2)), N'Руководство деятельностью компании в области продаж и закупок', 20)
INSERT [dbo].[Company_positions] ([id], [name_position], [salary_for_position], [description_position], [id_company]) VALUES (78, N'Коммерческий директор', CAST(231699.50 AS Decimal(10, 2)), N'Руководство деятельностью компании в области продаж и закупок', 32)
INSERT [dbo].[Company_positions] ([id], [name_position], [salary_for_position], [description_position], [id_company]) VALUES (79, N'Коммерческий директор', CAST(231699.50 AS Decimal(10, 2)), N'Руководство деятельностью компании в области продаж и закупок', 48)
INSERT [dbo].[Company_positions] ([id], [name_position], [salary_for_position], [description_position], [id_company]) VALUES (80, N'Коммерческий директор', CAST(231699.50 AS Decimal(10, 2)), N'Руководство деятельностью компании в области продаж и закупок', 44)
INSERT [dbo].[Company_positions] ([id], [name_position], [salary_for_position], [description_position], [id_company]) VALUES (81, N'Коммерческий директор', CAST(231699.50 AS Decimal(10, 2)), N'Руководство деятельностью компании в области продаж и закупок', 65)
INSERT [dbo].[Company_positions] ([id], [name_position], [salary_for_position], [description_position], [id_company]) VALUES (82, N'Коммерческий директор', CAST(231699.50 AS Decimal(10, 2)), N'Руководство деятельностью компании в области продаж и закупок', 33)
INSERT [dbo].[Company_positions] ([id], [name_position], [salary_for_position], [description_position], [id_company]) VALUES (83, N'Заведующий складом', CAST(74467.91 AS Decimal(10, 2)), N'Руководит работой склада по приему, хранению и отпуску товарно-материальных ценностей', 79)
INSERT [dbo].[Company_positions] ([id], [name_position], [salary_for_position], [description_position], [id_company]) VALUES (84, N'Заведующий складом', CAST(74467.91 AS Decimal(10, 2)), N'Руководит работой склада по приему, хранению и отпуску товарно-материальных ценностей', 35)
INSERT [dbo].[Company_positions] ([id], [name_position], [salary_for_position], [description_position], [id_company]) VALUES (85, N'Заведующий складом', CAST(74467.91 AS Decimal(10, 2)), N'Руководит работой склада по приему, хранению и отпуску товарно-материальных ценностей', 46)
INSERT [dbo].[Company_positions] ([id], [name_position], [salary_for_position], [description_position], [id_company]) VALUES (86, N'Заведующий складом', CAST(74467.91 AS Decimal(10, 2)), N'Руководит работой склада по приему, хранению и отпуску товарно-материальных ценностей', 83)
INSERT [dbo].[Company_positions] ([id], [name_position], [salary_for_position], [description_position], [id_company]) VALUES (87, N'Заведующий складом', CAST(74467.91 AS Decimal(10, 2)), N'Руководит работой склада по приему, хранению и отпуску товарно-материальных ценностей', 96)
INSERT [dbo].[Company_positions] ([id], [name_position], [salary_for_position], [description_position], [id_company]) VALUES (88, N'Заведующий складом', CAST(74467.91 AS Decimal(10, 2)), N'Руководит работой склада по приему, хранению и отпуску товарно-материальных ценностей', 26)
INSERT [dbo].[Company_positions] ([id], [name_position], [salary_for_position], [description_position], [id_company]) VALUES (89, N'Заведующий складом', CAST(74467.91 AS Decimal(10, 2)), N'Руководит работой склада по приему, хранению и отпуску товарно-материальных ценностей', 62)
INSERT [dbo].[Company_positions] ([id], [name_position], [salary_for_position], [description_position], [id_company]) VALUES (90, N'Заведующий складом', CAST(74467.91 AS Decimal(10, 2)), N'Руководит работой склада по приему, хранению и отпуску товарно-материальных ценностей', 85)
INSERT [dbo].[Company_positions] ([id], [name_position], [salary_for_position], [description_position], [id_company]) VALUES (91, N'Заведующий складом', CAST(74467.91 AS Decimal(10, 2)), N'Руководит работой склада по приему, хранению и отпуску товарно-материальных ценностей', 90)
INSERT [dbo].[Company_positions] ([id], [name_position], [salary_for_position], [description_position], [id_company]) VALUES (92, N'Заведующий складом', CAST(74467.91 AS Decimal(10, 2)), N'Руководит работой склада по приему, хранению и отпуску товарно-материальных ценностей', 22)
INSERT [dbo].[Company_positions] ([id], [name_position], [salary_for_position], [description_position], [id_company]) VALUES (93, N'Менеджер', CAST(42716.41 AS Decimal(10, 2)), N'Осуществляет управление предпринимательской или коммерческой деятельностью предприятия', 66)
INSERT [dbo].[Company_positions] ([id], [name_position], [salary_for_position], [description_position], [id_company]) VALUES (94, N'Менеджер', CAST(42716.41 AS Decimal(10, 2)), N'Осуществляет управление предпринимательской или коммерческой деятельностью предприятия', 79)
INSERT [dbo].[Company_positions] ([id], [name_position], [salary_for_position], [description_position], [id_company]) VALUES (95, N'Менеджер', CAST(42716.41 AS Decimal(10, 2)), N'Осуществляет управление предпринимательской или коммерческой деятельностью предприятия', 41)
INSERT [dbo].[Company_positions] ([id], [name_position], [salary_for_position], [description_position], [id_company]) VALUES (96, N'Менеджер', CAST(42716.41 AS Decimal(10, 2)), N'Осуществляет управление предпринимательской или коммерческой деятельностью предприятия', 58)
INSERT [dbo].[Company_positions] ([id], [name_position], [salary_for_position], [description_position], [id_company]) VALUES (97, N'Менеджер', CAST(42716.41 AS Decimal(10, 2)), N'Осуществляет управление предпринимательской или коммерческой деятельностью предприятия', 84)
INSERT [dbo].[Company_positions] ([id], [name_position], [salary_for_position], [description_position], [id_company]) VALUES (98, N'Менеджер', CAST(42716.41 AS Decimal(10, 2)), N'Осуществляет управление предпринимательской или коммерческой деятельностью предприятия', 95)
INSERT [dbo].[Company_positions] ([id], [name_position], [salary_for_position], [description_position], [id_company]) VALUES (99, N'Менеджер', CAST(42716.41 AS Decimal(10, 2)), N'Осуществляет управление предпринимательской или коммерческой деятельностью предприятия', 16)
INSERT [dbo].[Company_positions] ([id], [name_position], [salary_for_position], [description_position], [id_company]) VALUES (100, N'Менеджер', CAST(42716.41 AS Decimal(10, 2)), N'Осуществляет управление предпринимательской или коммерческой деятельностью предприятия', 101)
INSERT [dbo].[Company_positions] ([id], [name_position], [salary_for_position], [description_position], [id_company]) VALUES (101, N'Менеджер', CAST(42716.41 AS Decimal(10, 2)), N'Осуществляет управление предпринимательской или коммерческой деятельностью предприятия', 32)
INSERT [dbo].[Company_positions] ([id], [name_position], [salary_for_position], [description_position], [id_company]) VALUES (102, N'Директор по персоналу', CAST(119812.45 AS Decimal(10, 2)), N'Эффективное управление персоналом в компании', 79)
INSERT [dbo].[Company_positions] ([id], [name_position], [salary_for_position], [description_position], [id_company]) VALUES (103, N'Директор по персоналу', CAST(119812.45 AS Decimal(10, 2)), N'Эффективное управление персоналом в компании', 57)
INSERT [dbo].[Company_positions] ([id], [name_position], [salary_for_position], [description_position], [id_company]) VALUES (104, N'Директор по персоналу', CAST(119812.45 AS Decimal(10, 2)), N'Эффективное управление персоналом в компании', 66)
INSERT [dbo].[Company_positions] ([id], [name_position], [salary_for_position], [description_position], [id_company]) VALUES (105, N'Директор по персоналу', CAST(119812.45 AS Decimal(10, 2)), N'Эффективное управление персоналом в компании', 99)
INSERT [dbo].[Company_positions] ([id], [name_position], [salary_for_position], [description_position], [id_company]) VALUES (106, N'Директор по персоналу', CAST(119812.45 AS Decimal(10, 2)), N'Эффективное управление персоналом в компании', 42)
INSERT [dbo].[Company_positions] ([id], [name_position], [salary_for_position], [description_position], [id_company]) VALUES (107, N'Директор по персоналу', CAST(119812.45 AS Decimal(10, 2)), N'Эффективное управление персоналом в компании', 45)
INSERT [dbo].[Company_positions] ([id], [name_position], [salary_for_position], [description_position], [id_company]) VALUES (108, N'Директор по персоналу', CAST(119812.45 AS Decimal(10, 2)), N'Эффективное управление персоналом в компании', 83)
INSERT [dbo].[Company_positions] ([id], [name_position], [salary_for_position], [description_position], [id_company]) VALUES (109, N'Директор по персоналу', CAST(119812.45 AS Decimal(10, 2)), N'Эффективное управление персоналом в компании', 81)
INSERT [dbo].[Company_positions] ([id], [name_position], [salary_for_position], [description_position], [id_company]) VALUES (110, N'Директор по персоналу', CAST(119812.45 AS Decimal(10, 2)), N'Эффективное управление персоналом в компании', 15)
INSERT [dbo].[Company_positions] ([id], [name_position], [salary_for_position], [description_position], [id_company]) VALUES (111, N'Директор по персоналу', CAST(119812.45 AS Decimal(10, 2)), N'Эффективное управление персоналом в компании', 76)
INSERT [dbo].[Company_positions] ([id], [name_position], [salary_for_position], [description_position], [id_company]) VALUES (112, N'Директор по персоналу', CAST(119812.45 AS Decimal(10, 2)), N'Эффективное управление персоналом в компании', 44)
INSERT [dbo].[Company_positions] ([id], [name_position], [salary_for_position], [description_position], [id_company]) VALUES (113, N'Директор по персоналу', CAST(119812.45 AS Decimal(10, 2)), N'Эффективное управление персоналом в компании', 65)
INSERT [dbo].[Company_positions] ([id], [name_position], [salary_for_position], [description_position], [id_company]) VALUES (114, N'Директор по персоналу', CAST(119812.45 AS Decimal(10, 2)), N'Эффективное управление персоналом в компании', 22)
INSERT [dbo].[Company_positions] ([id], [name_position], [salary_for_position], [description_position], [id_company]) VALUES (115, N'Директор по персоналу', CAST(119812.45 AS Decimal(10, 2)), N'Эффективное управление персоналом в компании', 58)
INSERT [dbo].[Company_positions] ([id], [name_position], [salary_for_position], [description_position], [id_company]) VALUES (116, N'Директор по персоналу', CAST(119812.45 AS Decimal(10, 2)), N'Эффективное управление персоналом в компании', 10)
INSERT [dbo].[Company_positions] ([id], [name_position], [salary_for_position], [description_position], [id_company]) VALUES (117, N'Директор по персоналу', CAST(119812.45 AS Decimal(10, 2)), N'Эффективное управление персоналом в компании', 13)
INSERT [dbo].[Company_positions] ([id], [name_position], [salary_for_position], [description_position], [id_company]) VALUES (118, N'Директор по персоналу', CAST(119812.45 AS Decimal(10, 2)), N'Эффективное управление персоналом в компании', 51)
INSERT [dbo].[Company_positions] ([id], [name_position], [salary_for_position], [description_position], [id_company]) VALUES (119, N'Директор по персоналу', CAST(119812.45 AS Decimal(10, 2)), N'Эффективное управление персоналом в компании', 21)
INSERT [dbo].[Company_positions] ([id], [name_position], [salary_for_position], [description_position], [id_company]) VALUES (120, N'Генеральный директор', CAST(240466.62 AS Decimal(10, 2)), N'Развитие, повышение эффективности работы предприятия, увеличение объемов прибыли', 21)
INSERT [dbo].[Company_positions] ([id], [name_position], [salary_for_position], [description_position], [id_company]) VALUES (121, N'Генеральный директор', CAST(240466.62 AS Decimal(10, 2)), N'Развитие, повышение эффективности работы предприятия, увеличение объемов прибыли', 13)
INSERT [dbo].[Company_positions] ([id], [name_position], [salary_for_position], [description_position], [id_company]) VALUES (122, N'Генеральный директор', CAST(240466.62 AS Decimal(10, 2)), N'Развитие, повышение эффективности работы предприятия, увеличение объемов прибыли', 94)
INSERT [dbo].[Company_positions] ([id], [name_position], [salary_for_position], [description_position], [id_company]) VALUES (123, N'Генеральный директор', CAST(240466.62 AS Decimal(10, 2)), N'Развитие, повышение эффективности работы предприятия, увеличение объемов прибыли', 82)
INSERT [dbo].[Company_positions] ([id], [name_position], [salary_for_position], [description_position], [id_company]) VALUES (124, N'Генеральный директор', CAST(240466.62 AS Decimal(10, 2)), N'Развитие, повышение эффективности работы предприятия, увеличение объемов прибыли', 15)
INSERT [dbo].[Company_positions] ([id], [name_position], [salary_for_position], [description_position], [id_company]) VALUES (125, N'Генеральный директор', CAST(240466.62 AS Decimal(10, 2)), N'Развитие, повышение эффективности работы предприятия, увеличение объемов прибыли', 96)
INSERT [dbo].[Company_positions] ([id], [name_position], [salary_for_position], [description_position], [id_company]) VALUES (126, N'Генеральный директор', CAST(240466.62 AS Decimal(10, 2)), N'Развитие, повышение эффективности работы предприятия, увеличение объемов прибыли', 49)
INSERT [dbo].[Company_positions] ([id], [name_position], [salary_for_position], [description_position], [id_company]) VALUES (127, N'Генеральный директор', CAST(240466.62 AS Decimal(10, 2)), N'Развитие, повышение эффективности работы предприятия, увеличение объемов прибыли', 84)
INSERT [dbo].[Company_positions] ([id], [name_position], [salary_for_position], [description_position], [id_company]) VALUES (128, N'Генеральный директор', CAST(240466.62 AS Decimal(10, 2)), N'Развитие, повышение эффективности работы предприятия, увеличение объемов прибыли', 44)
INSERT [dbo].[Company_positions] ([id], [name_position], [salary_for_position], [description_position], [id_company]) VALUES (129, N'Генеральный директор', CAST(240466.62 AS Decimal(10, 2)), N'Развитие, повышение эффективности работы предприятия, увеличение объемов прибыли', 95)
INSERT [dbo].[Company_positions] ([id], [name_position], [salary_for_position], [description_position], [id_company]) VALUES (130, N'Генеральный директор', CAST(240466.62 AS Decimal(10, 2)), N'Развитие, повышение эффективности работы предприятия, увеличение объемов прибыли', 62)
INSERT [dbo].[Company_positions] ([id], [name_position], [salary_for_position], [description_position], [id_company]) VALUES (131, N'Генеральный директор', CAST(240466.62 AS Decimal(10, 2)), N'Развитие, повышение эффективности работы предприятия, увеличение объемов прибыли', 16)
INSERT [dbo].[Company_positions] ([id], [name_position], [salary_for_position], [description_position], [id_company]) VALUES (132, N'Юрист', CAST(172286.87 AS Decimal(10, 2)), N'Обеспечение поддержки деятельности юридического отдела', 79)
INSERT [dbo].[Company_positions] ([id], [name_position], [salary_for_position], [description_position], [id_company]) VALUES (133, N'Юрист', CAST(172286.87 AS Decimal(10, 2)), N'Обеспечение поддержки деятельности юридического отдела', 35)
INSERT [dbo].[Company_positions] ([id], [name_position], [salary_for_position], [description_position], [id_company]) VALUES (134, N'Юрист', CAST(172286.87 AS Decimal(10, 2)), N'Обеспечение поддержки деятельности юридического отдела', 27)
INSERT [dbo].[Company_positions] ([id], [name_position], [salary_for_position], [description_position], [id_company]) VALUES (135, N'Юрист', CAST(172286.87 AS Decimal(10, 2)), N'Обеспечение поддержки деятельности юридического отдела', 9)
INSERT [dbo].[Company_positions] ([id], [name_position], [salary_for_position], [description_position], [id_company]) VALUES (136, N'Юрист', CAST(172286.87 AS Decimal(10, 2)), N'Обеспечение поддержки деятельности юридического отдела', 52)
INSERT [dbo].[Company_positions] ([id], [name_position], [salary_for_position], [description_position], [id_company]) VALUES (137, N'Юрист', CAST(172286.87 AS Decimal(10, 2)), N'Обеспечение поддержки деятельности юридического отдела', 76)
INSERT [dbo].[Company_positions] ([id], [name_position], [salary_for_position], [description_position], [id_company]) VALUES (138, N'Юрист', CAST(172286.87 AS Decimal(10, 2)), N'Обеспечение поддержки деятельности юридического отдела', 44)
INSERT [dbo].[Company_positions] ([id], [name_position], [salary_for_position], [description_position], [id_company]) VALUES (139, N'Юрист', CAST(172286.87 AS Decimal(10, 2)), N'Обеспечение поддержки деятельности юридического отдела', 62)
INSERT [dbo].[Company_positions] ([id], [name_position], [salary_for_position], [description_position], [id_company]) VALUES (140, N'Юрист', CAST(172286.87 AS Decimal(10, 2)), N'Обеспечение поддержки деятельности юридического отдела', 65)
INSERT [dbo].[Company_positions] ([id], [name_position], [salary_for_position], [description_position], [id_company]) VALUES (141, N'Юрист', CAST(172286.87 AS Decimal(10, 2)), N'Обеспечение поддержки деятельности юридического отдела', 16)
INSERT [dbo].[Company_positions] ([id], [name_position], [salary_for_position], [description_position], [id_company]) VALUES (142, N'Юрист', CAST(172286.87 AS Decimal(10, 2)), N'Обеспечение поддержки деятельности юридического отдела', 101)
INSERT [dbo].[Company_positions] ([id], [name_position], [salary_for_position], [description_position], [id_company]) VALUES (143, N'Юрист', CAST(172286.87 AS Decimal(10, 2)), N'Обеспечение поддержки деятельности юридического отдела', 5)
INSERT [dbo].[Company_positions] ([id], [name_position], [salary_for_position], [description_position], [id_company]) VALUES (144, N'Юрист', CAST(172286.87 AS Decimal(10, 2)), N'Обеспечение поддержки деятельности юридического отдела', 43)
INSERT [dbo].[Company_positions] ([id], [name_position], [salary_for_position], [description_position], [id_company]) VALUES (145, N'Юрист', CAST(172286.87 AS Decimal(10, 2)), N'Обеспечение поддержки деятельности юридического отдела', 64)
GO
SET IDENTITY_INSERT [dbo].[Company_positions] OFF
GO

SET IDENTITY_INSERT [dbo].[Employee] ON 
INSERT [dbo].[Employee] ([id], [last_name], [first_name], [middle_name], [gender], [details_passport], [date_of_birth], [country_of_birth], [residency], [number_phone], [email]) VALUES (29, N'Иванов', N'Александр', N'Николаевич', N'Мужчина', N'4126-256439', CAST(N'1995-12-01' AS Date), N'Россия', N'Москва', N'+79504937543', N'ivanov.an@gmail.com')
INSERT [dbo].[Employee] ([id], [last_name], [first_name], [middle_name], [gender], [details_passport], [date_of_birth], [country_of_birth], [residency], [number_phone], [email]) VALUES (30, N'Иванов', N'Александр', N'Николаевич', N'Мужчина', N'4126-256439', CAST(N'1995-12-01' AS Date), N'Россия', N'Москва', N'+79504937543', N'ivanov.an@gmail.com')
INSERT [dbo].[Employee] ([id], [last_name], [first_name], [middle_name], [gender], [details_passport], [date_of_birth], [country_of_birth], [residency], [number_phone], [email]) VALUES (31, N'Александрова', N'Елена', N'Викторовна', N'Женщина', N'4324-324523', CAST(N'1985-03-05' AS Date), N'Россия', N'Тверь', N'+79348234023', N'e.v.aleksandrova@mail.ru')
INSERT [dbo].[Employee] ([id], [last_name], [first_name], [middle_name], [gender], [details_passport], [date_of_birth], [country_of_birth], [residency], [number_phone], [email]) VALUES (32, N'Александрова', N'Елена', N'Викторовна', N'Женщина', N'4324-324523', CAST(N'1985-03-05' AS Date), N'Россия', N'Тверь', N'+79348234023', N'e.v.aleksandrova@mail.ru')
INSERT [dbo].[Employee] ([id], [last_name], [first_name], [middle_name], [gender], [details_passport], [date_of_birth], [country_of_birth], [residency], [number_phone], [email]) VALUES (33, N'Степанова', N'Екатерина', N'Сергеевна', N'Женщина', N'3324-850343', CAST(N'1997-03-02' AS Date), N'Россия', N'Спб', N'+79314563988', N'ekaterinastep@mail.ru')
INSERT [dbo].[Employee] ([id], [last_name], [first_name], [middle_name], [gender], [details_passport], [date_of_birth], [country_of_birth], [residency], [number_phone], [email]) VALUES (34, N'Степанова', N'Екатерина', N'Сергеевна', N'Женщина', N'3324-850343', CAST(N'1997-03-02' AS Date), N'Россия', N'Спб', N'+79314563988', N'ekaterinastep@mail.ru')
INSERT [dbo].[Employee] ([id], [last_name], [first_name], [middle_name], [gender], [details_passport], [date_of_birth], [country_of_birth], [residency], [number_phone], [email]) VALUES (35, N'Кошелева', N'Мария', N'Максимовна', N'Женщина', N'3334-823423', CAST(N'1978-02-02' AS Date), N'Россия', N'Спб', N'+79334534232', N'kosheleva@mail.ru')
INSERT [dbo].[Employee] ([id], [last_name], [first_name], [middle_name], [gender], [details_passport], [date_of_birth], [country_of_birth], [residency], [number_phone], [email]) VALUES (36, N'Харитонов', N'Артемий', N'Евгеньевич', N'Мужчина', N'3934-822345', CAST(N'1988-02-02' AS Date), N'Россия', N'Спб', N'+79356756765', N'Not defined')
INSERT [dbo].[Employee] ([id], [last_name], [first_name], [middle_name], [gender], [details_passport], [date_of_birth], [country_of_birth], [residency], [number_phone], [email]) VALUES (37, N'Иванов', N'Дмитрий', N'Дмитриевич', N'Мужчина', N'4124-860290', CAST(N'1988-08-02' AS Date), N'Россия', N'Спб', N'+79503906798', N'Not defined')
INSERT [dbo].[Employee] ([id], [last_name], [first_name], [middle_name], [gender], [details_passport], [date_of_birth], [country_of_birth], [residency], [number_phone], [email]) VALUES (38, N'Крылова', N'Екатерина', N'Ивановна', N'Женщина', N'4354-866560', CAST(N'1999-04-02' AS Date), N'Россия', N'Спб', N'Not defined', N'Not defined')
INSERT [dbo].[Employee] ([id], [last_name], [first_name], [middle_name], [gender], [details_passport], [date_of_birth], [country_of_birth], [residency], [number_phone], [email]) VALUES (39, N'Купустин', N'Роман', N'Максимович', N'Мужчина', N'4354-356890', CAST(N'2001-04-02' AS Date), N'Россия', N'Москва', N'Not defined', N'kapustin@mail.ru')
INSERT [dbo].[Employee] ([id], [last_name], [first_name], [middle_name], [gender], [details_passport], [date_of_birth], [country_of_birth], [residency], [number_phone], [email]) VALUES (40, N'Ульянов', N'Евгений', N'Матвеевич', N'Мужчина', N'2420-345650', CAST(N'1969-04-02' AS Date), N'Россия', N'Москва', N'+78905450456', N'matveev@mail.ru')
INSERT [dbo].[Employee] ([id], [last_name], [first_name], [middle_name], [gender], [details_passport], [date_of_birth], [country_of_birth], [residency], [number_phone], [email]) VALUES (41, N'Белякова', N'Варвара', N'Захаровна', N'Женщина', N'2420-365345', CAST(N'1989-04-04' AS Date), N'Россия', N'Москва', N'+75456345345', N'Not defined')
INSERT [dbo].[Employee] ([id], [last_name], [first_name], [middle_name], [gender], [details_passport], [date_of_birth], [country_of_birth], [residency], [number_phone], [email]) VALUES (42, N'Соболева', N'Милана', N'Давидовна', N'Женщина', N'5456-456456', CAST(N'1995-09-12' AS Date), N'Россия', N'Нижний Новгород', N'+75456345345', N'soboleva@mail.ru')
INSERT [dbo].[Employee] ([id], [last_name], [first_name], [middle_name], [gender], [details_passport], [date_of_birth], [country_of_birth], [residency], [number_phone], [email]) VALUES (43, N'Соболева', N'Милана', N'Давидовна', N'Женщина', N'5456-456456', CAST(N'1995-09-12' AS Date), N'Россия', N'Нижний Новгород', N'+75456345345', N'soboleva@mail.ru')
INSERT [dbo].[Employee] ([id], [last_name], [first_name], [middle_name], [gender], [details_passport], [date_of_birth], [country_of_birth], [residency], [number_phone], [email]) VALUES (44, N'Горелов', N'Ибрагим', N'Дмитриевич', N'Мужчина', N'4500-678340', CAST(N'1980-12-12' AS Date), N'Россия', N'Спб', N'+79453423433', N'gorelov@gmail.com')
INSERT [dbo].[Employee] ([id], [last_name], [first_name], [middle_name], [gender], [details_passport], [date_of_birth], [country_of_birth], [residency], [number_phone], [email]) VALUES (45, N'Гончаров', N'Иван', N'Александрович', N'Мужчина', N'4333-650570', CAST(N'1998-01-12' AS Date), N'Россия', N'Москва', N'Not defined', N'Not defined')
INSERT [dbo].[Employee] ([id], [last_name], [first_name], [middle_name], [gender], [details_passport], [date_of_birth], [country_of_birth], [residency], [number_phone], [email]) VALUES (46, N'Васильев', N'Семен', N'Александрович', N'Мужчина', N'4333-654332', CAST(N'1999-01-12' AS Date), N'Россия', N'Москва', N'Not defined', N'Not defined')
INSERT [dbo].[Employee] ([id], [last_name], [first_name], [middle_name], [gender], [details_passport], [date_of_birth], [country_of_birth], [residency], [number_phone], [email]) VALUES (47, N'Свиридов', N'Петр', N'Артемович', N'Мужчина', N'3564-645443', CAST(N'1990-12-19' AS Date), N'Россия', N'Москва', N'Not defined', N'sviridov@mail.ru')
INSERT [dbo].[Employee] ([id], [last_name], [first_name], [middle_name], [gender], [details_passport], [date_of_birth], [country_of_birth], [residency], [number_phone], [email]) VALUES (48, N'Свиридов', N'Роман', N'Сергеевич', N'Мужчина', N'3564-644343', CAST(N'1973-05-12' AS Date), N'Россия', N'Москва', N'Not defined', N'Not defined')
INSERT [dbo].[Employee] ([id], [last_name], [first_name], [middle_name], [gender], [details_passport], [date_of_birth], [country_of_birth], [residency], [number_phone], [email]) VALUES (49, N'Осипов', N'Платон', N'Саввич', N'Мужчина', N'4010-560743', CAST(N'1980-05-12' AS Date), N'Россия', N'Москва', N'Not defined', N'Not defined')
INSERT [dbo].[Employee] ([id], [last_name], [first_name], [middle_name], [gender], [details_passport], [date_of_birth], [country_of_birth], [residency], [number_phone], [email]) VALUES (50, N'Осипова', N'Александра', N'Евгеньевна', N'Женщина', N'4010-560100', CAST(N'1980-09-12' AS Date), N'Россия', N'Москва', N'Not defined', N'Not defined')
INSERT [dbo].[Employee] ([id], [last_name], [first_name], [middle_name], [gender], [details_passport], [date_of_birth], [country_of_birth], [residency], [number_phone], [email]) VALUES (51, N'Сидорова', N'Александра', N'Тихоновна', N'Женщина', N'3510-560320', CAST(N'1979-12-01' AS Date), N'Россия', N'Москва', N'Not defined', N'Not defined')
INSERT [dbo].[Employee] ([id], [last_name], [first_name], [middle_name], [gender], [details_passport], [date_of_birth], [country_of_birth], [residency], [number_phone], [email]) VALUES (52, N'Третьяков', N'Алексей', N'Макарович', N'Мужчина', N'3510-564562', CAST(N'1980-01-01' AS Date), N'Россия', N'Москва', N'+75664564564', N'Not defined')
INSERT [dbo].[Employee] ([id], [last_name], [first_name], [middle_name], [gender], [details_passport], [date_of_birth], [country_of_birth], [residency], [number_phone], [email]) VALUES (53, N'Жуков', N'Алексей', N'Ильич', N'Мужчина', N'3510-563434', CAST(N'1980-01-03' AS Date), N'Россия', N'Москва', N'+75634343444', N'jukov@mail.ru')
INSERT [dbo].[Employee] ([id], [last_name], [first_name], [middle_name], [gender], [details_passport], [date_of_birth], [country_of_birth], [residency], [number_phone], [email]) VALUES (54, N'Русакова', N'Лилия', N'Георгиевна', N'Мужчина', N'3510-340078', CAST(N'1980-01-03' AS Date), N'Россия', N'Москва', N'Not defined', N'Not defined')
INSERT [dbo].[Employee] ([id], [last_name], [first_name], [middle_name], [gender], [details_passport], [date_of_birth], [country_of_birth], [residency], [number_phone], [email]) VALUES (55, N'Лобанов', N'Евгений', N'Георгиевич', N'Мужчина', N'3510-345679', CAST(N'1985-12-25' AS Date), N'Россия', N'Not defined', N'Not defined', N'Not defined')
INSERT [dbo].[Employee] ([id], [last_name], [first_name], [middle_name], [gender], [details_passport], [date_of_birth], [country_of_birth], [residency], [number_phone], [email]) VALUES (56, N'Голубева', N'Софья', N'Михайловна', N'Мужчина', N'3890-890376', CAST(N'1985-12-25' AS Date), N'Россия', N'Not defined', N'Not defined', N'Not defined')
INSERT [dbo].[Employee] ([id], [last_name], [first_name], [middle_name], [gender], [details_passport], [date_of_birth], [country_of_birth], [residency], [number_phone], [email]) VALUES (57, N'Быкова', N'Полина', N'Федоровна', N'Женщина', N'3890-890321', CAST(N'1985-12-25' AS Date), N'Россия', N'Спб', N'+74564564564', N'Not defined')
INSERT [dbo].[Employee] ([id], [last_name], [first_name], [middle_name], [gender], [details_passport], [date_of_birth], [country_of_birth], [residency], [number_phone], [email]) VALUES (58, N'Богданов', N'Андрей', N'Александрович', N'Мужчина', N'7834-678340', CAST(N'1980-03-25' AS Date), N'Россия', N'Спб', N'Not defined', N'Not defined')
INSERT [dbo].[Employee] ([id], [last_name], [first_name], [middle_name], [gender], [details_passport], [date_of_birth], [country_of_birth], [residency], [number_phone], [email]) VALUES (59, N'Смирнова', N'София', N'Матвеевна', N'Женщина', N'7834-654300', CAST(N'1999-09-12' AS Date), N'Россия', N'Спб', N'Not defined', N'smirnova@mail.ru')
INSERT [dbo].[Employee] ([id], [last_name], [first_name], [middle_name], [gender], [details_passport], [date_of_birth], [country_of_birth], [residency], [number_phone], [email]) VALUES (60, N'Еремина', N'Александрва', N'Марковна', N'Женщина', N'7834-655000', CAST(N'1998-11-26' AS Date), N'Россия', N'Москва', N'+76556566666', N'Not defined')
INSERT [dbo].[Employee] ([id], [last_name], [first_name], [middle_name], [gender], [details_passport], [date_of_birth], [country_of_birth], [residency], [number_phone], [email]) VALUES (61, N'Попова', N'Ксения', N'Константиновна', N'Женщина', N'4180-456034', CAST(N'1998-11-26' AS Date), N'Россия', N'Москва', N'Not defined', N'popova@gmail.com')
INSERT [dbo].[Employee] ([id], [last_name], [first_name], [middle_name], [gender], [details_passport], [date_of_birth], [country_of_birth], [residency], [number_phone], [email]) VALUES (62, N'Васильева', N'Анна', N'Романовна', N'Женщина', N'4180-456123', CAST(N'1987-07-01' AS Date), N'Россия', N'Москва', N'+79876567899', N'Not defined')
INSERT [dbo].[Employee] ([id], [last_name], [first_name], [middle_name], [gender], [details_passport], [date_of_birth], [country_of_birth], [residency], [number_phone], [email]) VALUES (63, N'Овчинниковна', N'Анна', N'Романовна', N'Женщина', N'4180-456590', CAST(N'1986-03-04' AS Date), N'Россия', N'Москва', N'+79830999093', N'Not defined')
INSERT [dbo].[Employee] ([id], [last_name], [first_name], [middle_name], [gender], [details_passport], [date_of_birth], [country_of_birth], [residency], [number_phone], [email]) VALUES (64, N'Дмитриев', N'Артем', N'Гордеевич', N'Мужчина', N'4180-456490', CAST(N'1993-03-03' AS Date), N'Россия', N'Москва', N'Not defined', N'Not defined')
INSERT [dbo].[Employee] ([id], [last_name], [first_name], [middle_name], [gender], [details_passport], [date_of_birth], [country_of_birth], [residency], [number_phone], [email]) VALUES (65, N'Петрова', N'Евгения', N'Викторовна', N'Женщина', N'4180-909650', CAST(N'1975-04-03' AS Date), N'Россия', N'Рязань', N'Not defined', N'Not defined')
INSERT [dbo].[Employee] ([id], [last_name], [first_name], [middle_name], [gender], [details_passport], [date_of_birth], [country_of_birth], [residency], [number_phone], [email]) VALUES (66, N'Марков', N'Леон', N'Кириллович', N'Мужчина', N'4180-909345', CAST(N'1965-04-11' AS Date), N'Россия', N'Рязань', N'+79807892344', N'markov@gmail.com')
INSERT [dbo].[Employee] ([id], [last_name], [first_name], [middle_name], [gender], [details_passport], [date_of_birth], [country_of_birth], [residency], [number_phone], [email]) VALUES (67, N'Марков', N'Леон', N'Кириллович', N'Мужчина', N'4180-909345', CAST(N'1965-04-11' AS Date), N'Россия', N'Рязань', N'+79807892344', N'markov@gmail.com')
INSERT [dbo].[Employee] ([id], [last_name], [first_name], [middle_name], [gender], [details_passport], [date_of_birth], [country_of_birth], [residency], [number_phone], [email]) VALUES (68, N'Гусеева', N'Таисия', N'Михайловна', N'Женщина', N'4180-909340', CAST(N'1980-04-11' AS Date), N'Россия', N'Рязань', N'Not defined', N'Not defined')
INSERT [dbo].[Employee] ([id], [last_name], [first_name], [middle_name], [gender], [details_passport], [date_of_birth], [country_of_birth], [residency], [number_phone], [email]) VALUES (69, N'Олейников', N'Мирон', N'Михайлович', N'Женщина', N'4180-909671', CAST(N'1980-04-11' AS Date), N'Россия', N'Спб', N'+79008763345', N'mironm@gmail.com')
INSERT [dbo].[Employee] ([id], [last_name], [first_name], [middle_name], [gender], [details_passport], [date_of_birth], [country_of_birth], [residency], [number_phone], [email]) VALUES (70, N'Алексеев', N'Вячеслав', N'Дмитриевич', N'Мужчина', N'4150-789100', CAST(N'1979-06-08' AS Date), N'Россия', N'Спб', N'+79065567889', N'alekseevvd@mail.ru')
INSERT [dbo].[Employee] ([id], [last_name], [first_name], [middle_name], [gender], [details_passport], [date_of_birth], [country_of_birth], [residency], [number_phone], [email]) VALUES (71, N'Степанов', N'Даниил', N'Михайлович', N'Мужчина', N'4150-789110', CAST(N'1982-06-08' AS Date), N'Россия', N'Спб', N'Not defined', N'Not defined')
INSERT [dbo].[Employee] ([id], [last_name], [first_name], [middle_name], [gender], [details_passport], [date_of_birth], [country_of_birth], [residency], [number_phone], [email]) VALUES (72, N'Семенов', N'Никита', N'Леонидович', N'Мужчина', N'4150-789210', CAST(N'1985-11-08' AS Date), N'Россия', N'Москва', N'+76675675675', N'Not defined')
INSERT [dbo].[Employee] ([id], [last_name], [first_name], [middle_name], [gender], [details_passport], [date_of_birth], [country_of_birth], [residency], [number_phone], [email]) VALUES (73, N'Калинин', N'Алексей', N'Михайлович', N'Мужчина', N'4150-789560', CAST(N'1973-11-08' AS Date), N'Россия', N'Москва', N'Not defined', N'kalinin@gmail.com')
SET IDENTITY_INSERT [dbo].[Employee] OFF
GO

SET IDENTITY_INSERT [dbo].[Employment_contracts] ON
INSERT [dbo].[Employment_contracts] ([id], [date_of_conclusion], [id_employee], [id_position]) VALUES (19, CAST(N'2022-12-19' AS Date), 29, 4)
INSERT [dbo].[Employment_contracts] ([id], [date_of_conclusion], [id_employee], [id_position]) VALUES (20, CAST(N'2022-12-19' AS Date), 30, 106)
INSERT [dbo].[Employment_contracts] ([id], [date_of_conclusion], [id_employee], [id_position]) VALUES (21, CAST(N'2022-12-19' AS Date), 31, 2)
INSERT [dbo].[Employment_contracts] ([id], [date_of_conclusion], [id_employee], [id_position]) VALUES (22, CAST(N'2022-12-19' AS Date), 32, 3)
INSERT [dbo].[Employment_contracts] ([id], [date_of_conclusion], [id_employee], [id_position]) VALUES (23, CAST(N'2022-12-19' AS Date), 33, 9)
INSERT [dbo].[Employment_contracts] ([id], [date_of_conclusion], [id_employee], [id_position]) VALUES (24, CAST(N'2022-12-19' AS Date), 34, 48)
INSERT [dbo].[Employment_contracts] ([id], [date_of_conclusion], [id_employee], [id_position]) VALUES (25, CAST(N'2022-12-19' AS Date), 35, 6)
INSERT [dbo].[Employment_contracts] ([id], [date_of_conclusion], [id_employee], [id_position]) VALUES (26, CAST(N'2022-12-19' AS Date), 36, 7)
INSERT [dbo].[Employment_contracts] ([id], [date_of_conclusion], [id_employee], [id_position]) VALUES (27, CAST(N'2022-12-19' AS Date), 37, 10)
INSERT [dbo].[Employment_contracts] ([id], [date_of_conclusion], [id_employee], [id_position]) VALUES (28, CAST(N'2022-12-19' AS Date), 38, 11)
INSERT [dbo].[Employment_contracts] ([id], [date_of_conclusion], [id_employee], [id_position]) VALUES (29, CAST(N'2022-12-19' AS Date), 39, 14)
INSERT [dbo].[Employment_contracts] ([id], [date_of_conclusion], [id_employee], [id_position]) VALUES (30, CAST(N'2022-12-19' AS Date), 40, 12)
INSERT [dbo].[Employment_contracts] ([id], [date_of_conclusion], [id_employee], [id_position]) VALUES (31, CAST(N'2022-12-19' AS Date), 41, 18)
INSERT [dbo].[Employment_contracts] ([id], [date_of_conclusion], [id_employee], [id_position]) VALUES (32, CAST(N'2022-12-19' AS Date), 42, 15)
INSERT [dbo].[Employment_contracts] ([id], [date_of_conclusion], [id_employee], [id_position]) VALUES (33, CAST(N'2022-12-19' AS Date), 43, 17)
INSERT [dbo].[Employment_contracts] ([id], [date_of_conclusion], [id_employee], [id_position]) VALUES (34, CAST(N'2022-12-19' AS Date), 44, 16)
INSERT [dbo].[Employment_contracts] ([id], [date_of_conclusion], [id_employee], [id_position]) VALUES (35, CAST(N'2022-12-19' AS Date), 45, 22)
INSERT [dbo].[Employment_contracts] ([id], [date_of_conclusion], [id_employee], [id_position]) VALUES (36, CAST(N'2022-12-19' AS Date), 46, 24)
INSERT [dbo].[Employment_contracts] ([id], [date_of_conclusion], [id_employee], [id_position]) VALUES (37, CAST(N'2022-12-19' AS Date), 47, 25)
INSERT [dbo].[Employment_contracts] ([id], [date_of_conclusion], [id_employee], [id_position]) VALUES (38, CAST(N'2022-12-19' AS Date), 48, 29)
INSERT [dbo].[Employment_contracts] ([id], [date_of_conclusion], [id_employee], [id_position]) VALUES (39, CAST(N'2022-12-19' AS Date), 49, 32)
INSERT [dbo].[Employment_contracts] ([id], [date_of_conclusion], [id_employee], [id_position]) VALUES (40, CAST(N'2022-12-19' AS Date), 50, 36)
INSERT [dbo].[Employment_contracts] ([id], [date_of_conclusion], [id_employee], [id_position]) VALUES (41, CAST(N'2022-12-19' AS Date), 51, 35)
INSERT [dbo].[Employment_contracts] ([id], [date_of_conclusion], [id_employee], [id_position]) VALUES (42, CAST(N'2022-12-19' AS Date), 52, 37)
INSERT [dbo].[Employment_contracts] ([id], [date_of_conclusion], [id_employee], [id_position]) VALUES (43, CAST(N'2022-12-19' AS Date), 53, 41)
INSERT [dbo].[Employment_contracts] ([id], [date_of_conclusion], [id_employee], [id_position]) VALUES (44, CAST(N'2022-12-19' AS Date), 54, 42)
INSERT [dbo].[Employment_contracts] ([id], [date_of_conclusion], [id_employee], [id_position]) VALUES (45, CAST(N'2022-12-19' AS Date), 55, 42)
INSERT [dbo].[Employment_contracts] ([id], [date_of_conclusion], [id_employee], [id_position]) VALUES (46, CAST(N'2022-12-19' AS Date), 56, 43)
INSERT [dbo].[Employment_contracts] ([id], [date_of_conclusion], [id_employee], [id_position]) VALUES (47, CAST(N'2022-12-19' AS Date), 57, 44)
INSERT [dbo].[Employment_contracts] ([id], [date_of_conclusion], [id_employee], [id_position]) VALUES (48, CAST(N'2022-12-19' AS Date), 58, 47)
INSERT [dbo].[Employment_contracts] ([id], [date_of_conclusion], [id_employee], [id_position]) VALUES (49, CAST(N'2022-12-19' AS Date), 59, 48)
INSERT [dbo].[Employment_contracts] ([id], [date_of_conclusion], [id_employee], [id_position]) VALUES (50, CAST(N'2022-12-19' AS Date), 60, 53)
INSERT [dbo].[Employment_contracts] ([id], [date_of_conclusion], [id_employee], [id_position]) VALUES (51, CAST(N'2022-12-19' AS Date), 61, 54)
INSERT [dbo].[Employment_contracts] ([id], [date_of_conclusion], [id_employee], [id_position]) VALUES (52, CAST(N'2022-12-19' AS Date), 62, 58)
INSERT [dbo].[Employment_contracts] ([id], [date_of_conclusion], [id_employee], [id_position]) VALUES (53, CAST(N'2022-12-19' AS Date), 63, 59)
INSERT [dbo].[Employment_contracts] ([id], [date_of_conclusion], [id_employee], [id_position]) VALUES (54, CAST(N'2022-12-19' AS Date), 64, 61)
INSERT [dbo].[Employment_contracts] ([id], [date_of_conclusion], [id_employee], [id_position]) VALUES (55, CAST(N'2022-12-19' AS Date), 65, 64)
INSERT [dbo].[Employment_contracts] ([id], [date_of_conclusion], [id_employee], [id_position]) VALUES (56, CAST(N'2022-12-19' AS Date), 66, 76)
INSERT [dbo].[Employment_contracts] ([id], [date_of_conclusion], [id_employee], [id_position]) VALUES (57, CAST(N'2022-12-19' AS Date), 67, 77)
INSERT [dbo].[Employment_contracts] ([id], [date_of_conclusion], [id_employee], [id_position]) VALUES (58, CAST(N'2022-12-19' AS Date), 68, 78)
INSERT [dbo].[Employment_contracts] ([id], [date_of_conclusion], [id_employee], [id_position]) VALUES (59, CAST(N'2022-12-19' AS Date), 69, 80)
INSERT [dbo].[Employment_contracts] ([id], [date_of_conclusion], [id_employee], [id_position]) VALUES (60, CAST(N'2022-12-19' AS Date), 70, 85)
INSERT [dbo].[Employment_contracts] ([id], [date_of_conclusion], [id_employee], [id_position]) VALUES (61, CAST(N'2022-12-19' AS Date), 71, 87)
INSERT [dbo].[Employment_contracts] ([id], [date_of_conclusion], [id_employee], [id_position]) VALUES (62, CAST(N'2022-12-19' AS Date), 72, 88)
INSERT [dbo].[Employment_contracts] ([id], [date_of_conclusion], [id_employee], [id_position]) VALUES (63, CAST(N'2022-12-19' AS Date), 73, 145)
SET IDENTITY_INSERT [dbo].[Employment_contracts] OFF
GO